<?xml version="1.0" encoding="UTF-8"?>
<project-private xmlns="http://www.netbeans.org/ns/project-private/1">
    <editor-bookmarks xmlns="http://www.netbeans.org/ns/editor-bookmarks/2" lastBookmarkId="0"/>
    <open-files xmlns="http://www.netbeans.org/ns/projectui-open-files/2">
        <group>
            <file>file:/home/marilu/NetBeansProjects/ProyectoFinal_Predio_ArielChitay/src/edu/open/java1/autos/Automovil.java</file>
            <file>file:/home/marilu/NetBeansProjects/ProyectoFinal_Predio_ArielChitay/src/edu/open/java1/autos/Importado.java</file>
            <file>file:/home/marilu/NetBeansProjects/ProyectoFinal_Predio_ArielChitay/src/edu/open/java1/autos/Consignacion.java</file>
            <file>file:/home/marilu/NetBeansProjects/ProyectoFinal_Predio_ArielChitay/src/edu/open/java1/autos/VehiculoAbstract.java</file>
            <file>file:/home/marilu/NetBeansProjects/ProyectoFinal_Predio_ArielChitay/src/edu/open/java1/autos/Predio.java</file>
        </group>
    </open-files>
</project-private>
